{
  "countries" : [{
    "id" : 1,
	  "name" : "Ireland",
	  "cities" : [{
		  "id" : 101,
		  "name" : "Dublin",
      "pop" : 1000000
	  },{
		  "id" : 102,
		  "name" : "Galway",
      "pop" : 300000
	  },{
		  "id" : 103,
		  "name" : "Cork",
      "pop" : 250000
	  },{
		  "id" : 104,
		  "name" : "Limerick",
      "pop" : 200000
	  }],
	  "capital" : 101
  },{
	  "id" : 2,
	  "name" : "United Kingdom",
	  "cities" : [{
		  "id" : 201,
		  "name" : "London",
      "pop" : 8000000
	  },{
		  "id" : 202,
		  "name" : "Birmingham",
      "pop" : 1000000
	  },{
		  "id" : 203,
		  "name" : "Manchester",
      "pop" : 1000000
	  }],
	  "capital" : 201
  },{
	  "id" : 3,
	  "name" : "United States",
	  "cities" : [{
		  "id" : 301,
		  "name" : "Washington DC",
      "pop" : 15000000
	  },{
		  "id" : 302,
		  "name" : "New York City",
      "pop" : 8000000
	  },{
		  "id" : 303,
		  "name" : "Los Angeles",
      "pop" : 1500000
	  }],
	  "capital" : 301
  },{
	  "id" : 4,
	  "name" : "Canada",
	  "cities" : [{
		  "id" : 401,
		  "name" : "Ottawa",
      "pop" : 1000000
	  },{
		  "id" : 402,
		  "name" : "Toronto",
      "pop" : 1000000
	  }],
	  "capital" : 401
  },{
	  "id" : 5,
	  "name" : "Mexico",
	  "cities" : [{
		  "id" : 501,
		  "name" : "Mexico City",
      "pop" : 3000000
	  },{
		  "id" : 502,
		  "name" : "Tijuana",
      "pop" : 1000000
	  },{
		  "id" : 503,
		  "name" : "Juárez",
      "pop" : 600000
	  },{
		  "id" : 504,
		  "name" : "Acapulco",
      "pop" : 500000
	  }],
	  "capital" : 501
  },{
	  "id" : 6,
	  "name" : "Italy",
	  "cities" : [{
		  "id" : 601,
		  "name" : "Rome",
      "pop" : 2500000
	  },{
		  "id" : 602,
		  "name" : "Milan",
      "pop" : 400000
	  },{
		  "id" : 603,
		  "name" : "Naples",
      "pop" : 300000
	  }],
	  "capital" : 601
  },{
	  "id" : 7,
	  "name" : "Austria",
	  "cities" : [{
		  "id" : 701,
		  "name" : "Vienna",
      "pop" : 1700000
	  },{
		  "id" : 702,
		  "name" : "Innsbruck",
      "pop" : 300000
	  },{
		  "id" : 703,
		  "name" : "Salzburg",
      "pop" : 20000
	  }],
	  "capital" : 701
  },{
	  "id" : 8,
	  "name" : "Switzerland",
	  "cities" : [{
		  "id" : 801,
		  "name" : "Bern",
      "pop" : 500000
	  },{
		  "id" : 802,
		  "name" : "Zurich",
      "pop" : 300000
	  },{
		  "id" : 803,
		  "name" : "Lausanne",
      "pop" : 200000
	  },{
		  "id" : 804,
		  "name" : "Lugano",
      "pop" : 15000
	  }],
	  "capital" : 801
  },{
	  "id" : 9,
	  "name" : "Nigeria",
	  "cities" : [{
		  "id" : 901,
		  "name" : "Lagos",
      "pop" : 3000000
	  },{
		  "id" : 902,
		  "name" : "Benin",
      "pop" : 200000
	  }],
	  "capital" : 901
  },{
	  "id" : 10,
	  "name" : "China",
	  "cities" : [{
		  "id" : 1001,
		  "name" : "Beijing",
      "pop" : 10000000
	  },{
		  "id" : 1002,
		  "name" : "Hong Kong",
      "pop" : 7000000
	  },{
		  "id" : 1003,
		  "name" : "Macau",
      "pop" : 1000000
	  }],
	  "capital" : 1001
  },{
	  "id" : 11,
	  "name" : "Russia",
	  "cities" : [{
		  "id" : 1101,
		  "name" : "Moscow",
      "pop" : 5000000
	  },{
		  "id" : 1102,
		  "name" : "Saint Petersburg",
      "pop" : 1000000
	  },{
		  "id" : 1103,
		  "name" : "Novosibirsk",
      "pop" : 800000
	  }],
	  "capital" : 1101
  },{
	  "id" : 12,
	  "name" : "France",
	  "cities" : [{
		  "id" : 1201,
		  "name" : "Paris",
      "pop" : 4000000
	  },{
		  "id" : 1202,
		  "name" : "Lyon",
      "pop" : 700000
	  },{
		  "id" : 1203,
		  "name" : "Bordeaux",
      "pop" : 600000
	  }],
	  "capital" : 1201
  },{
	  "id" : 13,
	  "name" : "Spain",
	  "cities" : [{
		  "id" : 1301,
		  "name" : "Barcelona",
      "pop" : 4500000
	  },{
		  "id" : 1302,
		  "name" : "Madrid",
      "pop" : 1000000
	  },{
		  "id" : 1303,
		  "name" : "Seville",
      "pop" : 700000
	  }],
	  "capital" : 1301
  },{
	  "id" : 14,
	  "name" : "Brazil",
	  "cities" : [{
		  "id" : 1401,
		  "name" : "Brasilia",
      "pop" : 1600000
	  },{
		  "id" : 1402,
		  "name" : "Rio de Janeiro",
      "pop" : 12000000
	  },{
		  "id" : 1403,
		  "name" : "Sao Paulo",
      "pop" : 5000000
	  }],
	  "capital" : 1401
  }],
  "bordering" : {
	  "Ireland" : ["United Kingdom"],
	  "United Kingdom" : ["Ireland", "France"],
	  "United States" : ["Canada", "Mexico"],
	  "Canada" : ["United States"],
	  "Mexico" : ["United States", "Brazil"],
	  "Italy" : ["Austria", "Switzerland", "France"],
    "Austria" : ["Italy", "Switzerland"],
    "Switzerland" : ["Italy", "Austria"],
    "Nigeria" : [],
    "China" : ["Russia"],
    "Russia" : ["China"],
    "France" : ["United Kingdom", "Italy", "Austria", "Spain"],
    "Spain" : ["France"],
    "Brazil" : ["Mexico"],
  }
}
